pair,flavor,texture,moisture,acid,heat,importance,rating
tamarind->lime+brown sugar,0.7,0.9,0.9,0.8,0.5,3,2
tamarind->lemon juice only,0.5,0.9,0.9,0.7,0.5,3,1
curry leaves->bay leaf,0.2,0.6,0.5,0.5,0.5,4,1
curry leaves->lime zest,0.3,0.5,0.4,0.6,0.5,4,1
paneer->halloumi,0.7,0.8,0.7,0.6,0.6,4,2
paneer->firm tofu,0.5,0.8,0.8,0.5,0.5,4,2
paneer->ricotta salata,0.7,0.8,0.6,0.6,0.5,4,3
ghee->clarified butter,1.0,1.0,1.0,1.0,1.0,3,3
ghee->butter,0.8,0.9,0.8,1.0,0.9,2,3
ghee->vegetable oil,0.3,0.7,0.8,1.0,1.0,3,1
jaggery->dark brown sugar,0.8,0.8,0.8,1.0,1.0,2,3
jaggery->white sugar,0.4,0.7,0.7,1.0,1.0,2,1
garam masala->allspice+cumin,0.6,1.0,1.0,1.0,0.7,3,2
garam masala->mixed spice,0.4,1.0,1.0,1.0,0.5,3,1
basmati->jasmine rice,0.8,0.8,0.9,1.0,1.0,3,3
basmati->risotto rice,0.4,0.3,0.7,1.0,1.0,3,1
fresh coriander->flat parsley,0.5,0.9,0.9,0.9,1.0,2,2
fresh coriander->dried coriander,0.3,0.4,0.5,0.9,1.0,3,1
gochujang->sriracha+miso,0.6,0.7,0.8,0.8,0.8,3,2
gochujang->chilli flakes,0.3,0.4,0.4,0.8,0.9,3,1
fish sauce->light soy+anchovy paste,0.7,0.9,0.9,0.9,1.0,3,2
fish sauce->soy sauce only,0.5,0.9,0.9,0.9,1.0,3,2
masa harina->fine cornmeal,0.7,0.5,0.8,1.0,1.0,5,1
masa harina->polenta,0.6,0.4,0.7,1.0,1.0,5,1
tomatillo->green tomato+lime,0.7,0.8,0.8,0.8,1.0,3,2
coconut milk->coconut cream+water,1.0,0.9,0.9,1.0,1.0,4,3
coconut milk->dairy cream,0.4,0.9,0.9,1.0,1.0,4,1
